Datetime,Open,High,Low,Close,Volume
2021-03-22,6.49,6.49,6.08,6.18,16389920
2021-03-23,6.12,6.23,5.67,5.78,16272000
2021-03-24,5.68,5.75,5.58,5.63,5649600
2021-03-25,5.63,5.76,5.22,5.62,5569888
2021-03-26,5.69,6.74,5.64,6.54,26120832
2021-03-30,6.74,6.96,6.1,6.59,27193696
2021-03-31,6.49,6.68,6.33,6.55,9388800
2021-04-01,6.53,6.76,6.44,6.68,6114496
2021-04-05,6.5,6.62,6.19,6.21,3502432
2021-04-06,6.25,6.32,5.96,6.03,3693824
2021-04-07,6.03,6.43,6.0,6.29,5514464
2021-04-08,6.31,6.38,6.22,6.28,2387168
2021-04-09,6.21,6.39,6.19,6.29,947264
2021-04-12,6.16,6.2,5.81,5.91,2211648
2021-04-13,6.0,6.15,5.82,6.0,2123328
2021-04-15,5.97,5.97,5.35,5.42,3797088
2021-04-16,5.49,5.56,5.34,5.42,5009312
2021-04-19,5.31,5.47,4.61,5.37,17738016
2021-04-20,5.43,5.54,5.31,5.35,1022912
2021-04-22,5.41,5.5,5.31,5.39,2220512
2021-04-23,5.34,5.77,5.34,5.56,3898304
2021-04-26,5.63,5.91,5.59,5.8,5509856
2021-04-27,5.77,5.81,5.66,5.7,2195456
2021-04-28,5.75,6.08,5.72,6.01,2948128
2021-04-29,6.04,6.07,5.84,5.86,3202432
2021-04-30,5.78,6.02,5.75,5.86,2192800
2021-05-03,5.93,5.95,5.72,5.75,1990976
2021-05-04,5.87,5.99,5.72,5.89,1484448
2021-05-05,6.0,6.23,5.9,6.17,2622912
2021-05-06,6.18,6.38,5.92,5.98,4897952
2021-05-07,6.05,6.05,5.85,5.86,2264096
2021-05-10,5.88,5.94,5.84,5.87,2059808
2021-05-11,5.83,5.95,5.81,5.9,1074304
2021-05-12,5.91,6.37,5.88,6.1,3999648
2021-05-14,6.25,6.29,5.88,5.92,1848288
2021-05-17,5.94,6.08,5.94,5.98,798848
2021-05-18,6.05,7.18,6.03,7.18,10599168
2021-05-19,7.4,7.89,7.16,7.28,18104416
2021-05-20,7.27,7.45,6.98,7.05,6126176
2021-05-21,7.16,7.7,7.12,7.53,8258016
2021-05-24,7.63,8.43,7.25,8.28,18290528
2021-05-25,8.32,9.2,8.32,8.55,20660160
2021-05-26,8.72,9.31,8.55,9.16,11801824
2021-05-27,9.26,9.26,8.75,9.1,7058304
2021-05-28,8.91,9.28,8.54,8.7,4121536
2021-05-31,8.75,10.44,8.46,10.23,16839264
2021-06-01,10.37,10.74,9.79,10.37,8760608
2021-06-02,10.43,11.4,10.21,11.28,8017120
2021-06-03,11.53,12.41,11.41,11.72,14827520
2021-06-04,11.72,12.2,11.41,11.65,9899200
2021-06-07,11.78,11.92,11.47,11.66,5307936
2021-06-08,11.87,12.0,11.3,11.8,9606496
2021-06-09,11.88,12.95,11.82,12.23,9930304
2021-06-10,12.47,13.45,12.47,13.45,8195712
2021-06-11,14.06,14.2,13.38,13.84,7340800
2021-06-14,13.9,13.9,12.46,13.1,7643712
2021-06-15,13.34,14.11,13.01,13.19,10918784
2021-06-16,13.34,13.78,12.91,13.12,9838080
2021-06-17,13.1,13.35,11.95,12.18,4699392
2021-06-18,12.33,12.66,11.12,11.98,13736512
2021-06-21,11.88,12.53,11.45,12.23,3538016
2021-06-22,12.37,12.9,12.37,12.49,2518784
2021-06-23,12.73,12.75,12.21,12.3,3381472
2021-06-24,12.31,12.54,11.98,12.18,3072800
2021-06-25,12.28,12.34,11.97,12.04,2767232
2021-06-28,12.09,12.56,11.95,12.32,5548768
2021-06-29,12.41,12.84,12.36,12.44,7196288
2021-06-30,12.56,12.65,12.25,12.31,1980448
2021-07-01,12.24,12.45,12.16,12.21,1092480
2021-07-02,12.33,12.38,12.14,12.2,2699360
2021-07-05,12.34,13.42,12.16,13.42,10052320
2021-07-06,13.59,14.6,13.35,13.5,15461088
2021-07-07,13.68,13.98,13.41,13.6,2995936
2021-07-08,13.33,13.72,13.04,13.28,7285280
2021-07-09,13.28,13.83,13.12,13.49,7415232
2021-07-12,13.65,14.41,13.62,14.07,7377376
2021-07-13,14.33,14.41,13.97,14.03,2212128
2021-07-14,14.22,14.22,13.66,13.74,1150592
2021-07-15,13.81,14.23,13.5,13.86,7841312
2021-07-16,13.75,13.95,13.47,13.58,4506048
2021-07-19,13.44,13.63,13.07,13.27,2314432
2021-07-20,13.25,13.42,12.6,12.85,6506816
2021-07-22,13.09,13.44,12.98,13.23,1204480
2021-07-23,13.28,13.51,13.13,13.22,3272128
2021-07-26,13.13,13.2,12.89,12.96,23792160
2021-07-27,12.94,13.21,12.82,12.96,1294688
2021-07-28,13.09,13.09,12.61,12.92,1803296
2021-07-29,12.93,13.18,12.84,12.91,879008
2021-07-30,13.13,13.13,12.75,12.79,20062336
2021-08-02,12.97,14.07,12.97,14.06,16099648
2021-08-03,14.06,14.88,13.75,14.71,13092672
2021-08-04,14.73,15.25,14.13,14.34,4958048
2021-08-05,14.38,14.45,13.66,13.78,4142112
2021-08-06,13.84,15.59,13.84,14.85,7218752
2021-08-09,15.09,15.83,15.07,15.4,10775584
2021-08-10,15.46,15.53,13.55,14.26,8622336
2021-08-11,14.13,14.4,13.33,14.05,6349952
2021-08-12,14.16,15.27,13.92,15.13,7618208
2021-08-13,15.26,15.52,14.59,14.82,3825824
2021-08-16,14.78,15.4,14.51,14.66,4866560
2021-08-17,14.84,15.14,14.4,14.86,2850368
2021-08-18,14.94,15.0,14.38,14.48,2529376
2021-08-20,13.94,14.46,13.63,13.78,1297792
2021-08-23,14.06,14.27,12.77,12.93,1620896
2021-08-24,13.13,13.64,12.92,13.43,1445152
2021-08-25,13.53,13.92,13.28,13.34,4027488
2021-08-26,13.63,13.69,13.39,13.63,1067968
2021-08-27,13.7,13.93,13.4,13.83,2015808
2021-08-30,13.91,14.66,13.83,14.13,1987840
2021-08-31,14.36,14.6,13.89,14.07,1682656
2021-09-01,14.08,14.2,13.8,13.86,1888384
2021-09-02,13.86,15.21,13.86,15.07,5433056
2021-09-03,15.19,15.47,14.78,14.87,3234144
2021-09-06,14.97,15.05,14.64,14.83,2911584
2021-09-07,14.69,15.97,14.63,15.74,5765504
2021-09-08,15.95,16.38,15.58,15.93,10918624
2021-09-09,16.0,16.29,15.81,15.99,1863968
2021-09-13,16.06,16.56,15.91,16.31,3012544
2021-09-14,16.56,16.65,16.16,16.22,1613312
2021-09-15,16.3,17.16,15.99,16.98,7883296
2021-09-16,17.03,20.38,17.03,20.33,25294208
2021-09-17,20.41,22.42,19.71,20.72,18976800
2021-09-20,18.16,20.56,18.16,18.72,19760704
2021-09-21,18.19,19.02,17.68,18.84,10270848
2021-09-22,18.98,20.28,18.88,19.37,5849600
2021-09-23,19.56,19.91,17.85,18.24,5164704
2021-09-24,18.26,19.47,17.9,18.53,4956096
2021-09-27,18.75,19.7,18.33,19.2,4498176
2021-09-28,19.63,19.73,18.6,18.79,2788992
2021-09-29,18.75,19.49,18.75,18.99,1205952
2021-09-30,19.28,19.28,18.45,18.57,1618912
2021-10-01,18.65,19.25,18.45,18.83,1672992
2021-10-04,19.09,19.19,18.76,18.85,1222624
2021-10-05,18.85,18.99,18.48,18.6,1741760
2021-10-06,18.91,18.91,18.19,18.25,1178016
2021-10-07,17.97,19.22,17.97,18.56,1995200
2021-10-08,18.81,19.58,18.38,18.6,3597760
2021-10-11,18.47,19.0,18.45,18.55,2097184
2021-10-12,18.56,18.56,18.16,18.36,412224
2021-10-13,18.59,18.75,17.66,17.74,1351360
2021-10-14,17.38,18.28,16.85,18.01,697440
2021-10-18,18.75,18.87,18.01,18.27,414240
2021-10-19,18.0,18.69,17.36,17.57,1272704
2021-10-20,17.38,17.97,16.69,16.87,398656
2021-10-21,17.18,17.71,16.02,16.42,1437024
2021-10-22,16.42,16.83,15.6,15.61,616384
2021-10-25,16.09,16.09,14.83,14.83,567680
2021-10-26,14.25,15.45,14.09,14.99,701472
2021-10-27,14.94,15.31,14.38,14.64,1048800
2021-10-28,14.75,15.38,14.38,15.38,1525152
2021-10-29,15.78,15.78,14.61,14.97,969504
2021-11-01,14.97,15.47,14.5,15.1,945344
2021-11-02,15.41,15.86,14.88,15.86,1330592
2021-11-03,16.65,16.65,15.99,16.65,1663488
2021-11-04,17.13,17.48,16.91,17.4,2207488
2021-11-08,17.5,17.62,16.53,16.83,1200288
2021-11-09,16.97,16.97,16.01,16.56,330560
2021-11-10,16.1,16.41,15.94,16.06,833120
2021-11-11,15.88,16.37,15.78,15.99,554784
2021-11-12,15.94,16.23,15.25,15.74,710784
2021-11-15,16.06,16.53,15.78,16.1,353344
2021-11-16,16.38,16.56,16.09,16.18,478560
2021-11-17,16.5,16.5,15.98,16.17,166144
2021-11-18,16.37,16.38,15.36,16.11,1390464
2021-11-22,16.25,16.25,15.31,15.55,1065152
2021-11-23,15.74,16.16,14.84,15.91,422144
2021-11-24,16.37,16.7,15.92,16.7,4053952
2021-11-25,17.34,17.54,16.72,17.26,6006560
2021-11-26,16.56,17.03,16.4,16.4,755744
2021-11-29,15.58,17.22,15.58,16.19,1227104
2021-11-30,15.72,16.37,15.44,15.75,309760
2021-12-01,15.58,15.94,15.16,15.78,1031648
2021-12-02,15.63,15.68,15.35,15.62,251872
2021-12-03,15.47,16.25,15.38,15.68,433952
2021-12-06,15.75,15.93,15.0,15.23,230016
2021-12-07,15.53,15.99,15.36,15.89,181984
2021-12-08,15.69,16.38,15.69,16.24,520576
2021-12-09,16.56,17.05,16.09,17.02,322752
2021-12-10,17.08,17.81,16.72,17.52,483360
2021-12-13,18.06,18.4,17.5,18.32,781376
2021-12-14,17.88,18.81,17.6,18.49,771040
2021-12-15,18.59,18.59,18.19,18.28,209568
2021-12-16,18.65,18.65,17.69,18.05,278976
2021-12-17,18.06,18.06,17.24,17.58,229600
2021-12-20,17.23,17.23,16.7,16.7,635488
2021-12-21,16.25,17.19,16.13,16.8,211680
2021-12-22,16.66,17.19,16.27,17.07,314272
2021-12-23,17.0,17.0,16.22,16.32,348960
2021-12-24,16.46,16.56,15.98,16.1,304032
2021-12-27,16.06,16.41,15.39,16.26,396320
2021-12-28,16.63,16.72,16.19,16.34,113664
2021-12-29,16.59,16.59,15.94,16.31,267520
2021-12-30,16.24,16.41,15.78,16.03,588192
2021-12-31,16.32,16.83,15.97,16.83,474176
2022-01-03,16.83,17.15,16.34,16.76,206240
2022-01-04,17.01,17.48,16.44,17.02,2298336
2022-01-05,16.72,17.55,16.72,17.07,1230368
2022-01-06,17.31,17.31,16.67,16.77,245312
2022-01-07,17.0,17.6,16.69,17.55,1824384
2022-01-10,17.81,18.43,17.03,18.15,11318048
2022-01-11,18.16,18.76,18.0,18.1,690880
2022-01-12,18.41,18.75,17.88,18.14,1389216
2022-01-13,18.16,18.29,17.75,17.89,1181984
2022-01-14,18.12,18.25,17.88,17.94,398624
2022-01-17,18.13,18.27,17.98,18.05,847072
2022-01-18,18.19,18.4,17.97,18.03,496224
2022-01-19,17.97,18.79,17.81,18.66,1310304
2022-01-20,18.66,18.91,18.19,18.25,1182784
2022-01-21,18.28,18.28,17.5,17.67,467968
2022-01-24,17.73,17.74,16.79,16.79,3815104
2022-01-25,17.03,17.06,16.07,16.54,566304
2022-01-27,16.85,16.85,16.14,16.21,426400
2022-01-28,16.83,17.02,16.51,16.79,1069344
2022-01-31,17.63,17.63,16.97,17.34,551680
2022-02-01,17.56,18.21,17.17,18.2,1530752
2022-02-02,18.5,19.11,18.02,19.0,1683808
2022-02-03,19.0,19.4,18.63,18.79,3505440
2022-02-04,18.75,19.13,18.46,18.68,619136
2022-02-07,18.91,19.4,18.8,18.91,3037056
2022-02-08,19.09,19.32,18.18,18.51,1831360
2022-02-09,18.78,18.9,18.25,18.67,763200
2022-02-10,18.68,19.27,18.39,18.85,713536
2022-02-11,18.91,18.91,18.3,18.38,532992
2022-02-14,17.66,18.25,16.94,17.16,649632
2022-02-15,17.88,18.75,17.08,18.59,2753056
2022-02-16,18.75,19.18,17.97,18.06,1262400
2022-02-17,18.22,18.33,17.81,17.96,838144
2022-02-18,18.08,18.11,17.72,17.79,303936
2022-02-21,17.56,17.91,17.14,17.63,519008
2022-02-22,16.89,17.5,16.63,17.15,892128
2022-02-23,17.66,17.72,17.1,17.2,516032
2022-02-24,16.41,16.94,15.48,15.64,1459840
2022-02-25,16.02,17.2,15.88,17.2,1810304
2022-02-28,17.56,18.55,17.0,18.0,18799664
2022-03-02,18.0,18.73,17.19,18.21,3395360
2022-03-03,18.56,18.57,17.32,17.34,17082800
2022-03-04,17.37,17.64,16.93,17.44,1980208
2022-03-07,16.97,17.13,16.45,16.56,1027488
2022-03-08,16.39,17.19,16.33,16.97,659152
2022-03-09,17.5,18.42,17.12,18.13,861712
2022-03-10,18.68,18.68,17.69,17.96,1401216
2022-03-11,17.58,18.12,17.43,17.92,4446864
2022-03-14,18.18,18.18,17.6,17.74,411376
2022-03-15,18.04,18.13,17.5,17.62,810208
2022-03-16,17.58,18.86,17.4,18.41,17275520
2022-03-17,18.84,19.96,18.5,19.7,6018048
2022-03-21,20.0,21.67,19.96,21.34,17332288
2022-03-22,21.3,21.88,20.7,21.22,3976576
2022-03-23,21.43,22.62,20.39,22.03,7680976
2022-03-24,21.68,22.19,20.96,21.24,2409856
2022-03-25,21.56,21.61,20.85,21.22,614784
2022-03-28,21.56,22.98,20.89,21.86,5315760
2022-03-29,22.16,22.25,21.45,21.65,836768
2022-03-30,21.81,21.97,21.51,21.72,3862128
2022-03-31,21.88,22.07,21.2,21.33,580240
2022-04-01,21.44,21.83,21.25,21.59,1350880
2022-04-04,21.83,23.74,21.44,23.67,13468688
2022-04-05,23.81,25.94,23.55,24.98,9594432
2022-04-06,24.88,26.42,24.85,25.61,2508128
2022-04-07,25.61,26.88,25.32,26.6,13910880
2022-04-08,26.9,27.56,26.06,26.79,2676496
2022-04-11,27.77,27.77,25.47,25.73,1544496
2022-04-12,25.63,25.63,24.92,25.41,1515504
2022-04-13,25.63,25.94,25.28,25.42,1115184
2022-04-18,25.31,25.31,24.22,24.35,907616
2022-04-19,24.69,25.57,24.38,24.92,1759504
2022-04-20,25.19,25.56,24.38,24.58,1652384
2022-04-21,25.12,25.8,24.78,25.56,1904176
2022-04-22,25.59,25.94,24.75,24.9,1011232
2022-04-25,24.9,25.31,24.56,25.02,1278656
2022-04-26,25.31,25.63,25.06,25.32,1256512
2022-04-27,24.84,25.47,24.64,24.8,1157952
2022-04-28,24.69,25.9,24.69,25.47,2055296
2022-04-29,25.87,26.25,25.19,25.61,984288
2022-05-02,25.44,26.06,24.94,25.88,1564528
2022-05-04,25.94,26.44,24.58,24.99,1902784
2022-05-05,25.25,25.77,25.01,25.22,615728
2022-05-06,24.69,24.78,23.96,24.06,1541024
2022-05-09,22.86,23.69,22.86,23.07,2584768
2022-05-10,22.69,23.4,21.92,22.32,1455728
2022-05-11,22.18,23.36,21.21,22.35,3530688
2022-05-12,22.49,22.63,21.25,21.33,1540608
2022-05-13,21.68,22.39,21.68,22.37,2069440
2022-05-16,23.44,23.48,22.77,23.48,1307200
2022-05-17,24.5,24.65,24.19,24.65,1133856
2022-05-18,25.16,25.88,25.06,25.81,3608928
2022-05-19,25.34,26.18,24.79,25.85,2268976
2022-05-20,26.32,27.14,26.32,27.14,15046480
2022-05-23,27.46,28.5,26.75,28.49,15741968
2022-05-24,28.81,29.78,28.28,28.7,5038368
2022-05-25,29.38,29.38,27.27,27.27,12850192
2022-05-26,25.9,25.9,25.9,25.9,281072
2022-05-27,24.61,24.61,24.61,24.61,3798656
2022-05-30,24.43,25.32,23.49,23.74,6704192
2022-05-31,23.31,24.5,23.31,23.76,6224976
2022-06-01,24.31,24.31,23.69,23.73,641984
2022-06-02,23.75,24.38,23.67,24.2,1193536
2022-06-03,24.56,24.57,23.77,23.9,768000
2022-06-06,24.06,24.13,23.51,23.71,1362848
2022-06-07,23.97,23.97,23.39,23.69,1163808
2022-06-08,23.75,24.53,23.74,24.4,1762128
2022-06-09,24.5,24.82,24.13,24.65,1258896
2022-06-10,24.56,24.63,23.87,23.94,350768
2022-06-13,23.56,23.56,22.65,22.94,1208848
2022-06-14,22.94,23.72,22.77,23.04,1394624
2022-06-15,23.62,24.22,23.0,23.55,667616
2022-06-16,24.04,24.2,22.77,22.97,450608
2022-06-17,22.89,23.25,22.23,23.02,1146000
2022-06-20,23.17,23.61,22.54,22.69,345904
2022-06-21,22.66,23.35,22.66,22.83,588672
2022-06-22,23.11,23.11,22.38,22.45,346480
2022-06-23,22.7,23.63,22.63,23.23,393712
2022-06-24,23.49,24.28,23.38,24.17,683104
2022-06-27,24.44,25.38,24.24,24.99,1217088
2022-06-28,24.87,24.88,24.31,24.43,745488
2022-06-29,24.44,25.15,24.07,24.8,422720
2022-06-30,25.13,25.13,24.38,24.45,131760
2022-07-01,24.68,25.18,24.39,25.01,2873248
2022-07-04,25.07,25.37,24.91,25.09,261344
2022-07-05,25.32,25.58,24.77,24.91,315584
2022-07-06,24.94,25.08,24.53,24.65,229008
2022-07-07,24.69,24.78,24.32,24.4,593248
2022-07-08,24.44,24.58,24.21,24.45,536176
2022-07-11,24.38,24.67,24.25,24.34,385424
2022-07-12,24.49,24.65,23.88,24.02,723392
2022-07-13,24.42,24.43,23.52,23.62,460032
2022-07-14,23.88,24.13,23.09,23.71,3146928
2022-07-15,23.84,24.05,23.44,23.52,1007408
2022-07-18,23.99,25.31,23.52,25.22,1187472
2022-07-19,25.19,25.47,24.7,24.83,1243408
2022-07-20,25.18,25.3,24.86,24.99,1145136
2022-07-21,25.03,25.32,24.75,25.02,1252608
2022-07-22,25.0,26.23,25.0,25.25,2755344
2022-07-25,25.19,25.53,24.93,25.16,1024176
2022-07-26,25.55,25.81,24.87,25.18,673504
2022-07-27,25.06,25.78,25.06,25.61,1524720
2022-07-28,25.69,26.15,25.44,25.78,1101584
2022-07-29,26.01,26.74,25.78,26.6,1444224
2022-08-01,27.31,27.34,24.45,25.54,2776112
2022-08-02,25.57,25.69,24.44,24.6,1348016
2022-08-03,24.88,24.91,23.18,23.59,1053200
2022-08-04,23.82,25.95,23.75,25.94,32053664
2022-08-05,26.41,27.17,26.02,26.68,5787520
2022-08-08,26.68,26.74,25.78,25.92,550160
2022-08-10,25.75,26.1,25.14,25.23,1037408
2022-08-11,25.29,25.86,24.38,24.68,1257888
2022-08-12,25.15,25.44,24.77,24.98,2404896
2022-08-16,24.69,25.61,24.69,25.12,567232
2022-08-17,25.0,25.43,24.74,24.91,1822592
2022-08-18,24.76,25.07,24.63,24.77,1343664
2022-08-19,24.84,24.92,24.39,24.51,1879104
2022-08-22,24.32,24.48,24.03,24.16,503104
2022-08-23,24.15,24.75,24.06,24.53,1172640
2022-08-24,24.38,24.88,24.28,24.6,1196464
2022-08-25,24.91,24.94,24.09,24.29,1398288
2022-08-26,24.39,24.7,24.07,24.19,338784
2022-08-29,19.63,24.13,19.63,23.74,8443376
2022-08-30,23.45,24.66,23.45,24.4,4604160
2022-09-01,24.37,24.46,23.76,23.83,713744
2022-09-02,23.88,24.21,23.75,23.91,819344
2022-09-05,24.05,24.13,23.5,23.64,1311536
2022-09-06,24.0,25.56,23.49,25.15,2650192
2022-09-07,24.99,25.43,24.74,24.94,1297168
2022-09-08,24.97,25.18,24.36,24.61,809968
2022-09-09,25.18,25.18,24.49,24.63,890176
2022-09-12,24.93,25.07,24.44,24.65,2696496
2022-09-13,24.88,25.42,24.8,25.21,1722976
2022-09-14,24.72,25.13,24.57,24.69,864848
2022-09-15,24.96,24.96,24.44,24.58,845760
2022-09-16,24.56,26.71,24.3,25.98,11737856
2022-09-19,26.24,26.93,25.5,25.77,2639152
2022-09-20,25.99,26.22,25.22,25.72,1310080
2022-09-21,25.75,27.21,25.4,26.28,7775360
2022-09-22,25.73,26.23,25.27,25.4,2549648
2022-09-23,25.47,25.61,23.83,23.99,3922528
2022-09-26,23.75,23.8,22.51,22.74,1534544
2022-09-27,23.05,23.94,22.76,23.68,2755376
2022-09-28,23.26,24.04,23.22,23.38,1602896
2022-09-29,23.71,23.94,23.19,23.33,1353024
2022-09-30,23.33,23.8,23.2,23.5,895168
2022-10-03,23.61,24.23,23.59,23.94,5685760
2022-10-04,24.38,26.13,24.38,25.5,13378336
2022-10-06,25.84,25.95,24.89,25.11,2028944
2022-10-07,25.1,25.31,24.7,25.14,1826512
2022-10-10,25.31,26.75,25.26,25.42,5383248
2022-10-11,25.62,25.75,24.63,24.76,2268512
2022-10-12,24.93,25.22,24.5,24.6,987648
2022-10-13,24.6,24.63,24.1,24.27,673808
2022-10-14,24.8,24.89,24.13,24.28,2479008
2022-10-17,24.13,25.17,23.94,24.84,1008032
2022-10-18,24.84,25.25,24.83,25.02,608000
2022-10-19,24.82,25.56,24.82,25.11,1190880
2022-10-20,24.94,25.11,24.83,24.97,700816
2022-10-21,24.94,25.18,24.33,24.49,402336
2022-10-24,24.68,24.91,24.57,24.83,445440
2022-10-25,24.99,24.99,24.39,24.58,522736
2022-10-27,24.58,24.68,24.31,24.38,235552
2022-10-28,24.33,24.53,24.12,24.21,234704
2022-10-31,24.25,24.45,24.0,24.19,866688
2022-11-01,24.26,24.51,23.83,24.03,1163808
2022-11-02,24.07,24.3,23.44,23.62,1464624
2022-11-03,23.5,23.78,23.05,23.16,1835216
2022-11-04,23.13,23.74,23.13,23.47,1443280
2022-11-07,23.5,24.99,23.33,24.63,3232608
2022-11-09,24.64,24.97,24.41,24.55,895424
2022-11-10,24.44,25.09,24.38,24.85,934160
2022-11-11,25.31,25.63,24.99,25.18,3881776
2022-11-14,25.31,26.25,24.93,25.17,6705952
2022-11-15,25.17,25.32,24.76,24.94,2073824
2022-11-16,24.93,25.15,24.44,24.71,763344
2022-11-17,24.5,24.99,24.43,24.56,706416
2022-11-18,24.66,24.66,23.33,23.83,2255344
2022-11-21,27.0,28.58,25.85,28.58,15317524
2022-11-22,29.7,34.28,29.5,34.13,7606972
2022-11-23,35.13,35.7,32.23,33.65,6965564
2022-11-24,33.28,36.75,33.28,34.15,7214816
2022-11-25,33.78,35.5,32.38,32.5,3333870
2022-11-28,33.35,34.75,32.55,33.73,4210390
2022-11-29,33.75,34.55,32.75,33.28,1598976
2022-11-30,33.78,33.95,30.6,31.5,2776172
2022-12-01,33.0,34.35,31.75,33.33,4863338
2022-12-02,33.15,33.33,32.0,32.15,1578612
2022-12-05,32.5,32.63,29.83,30.63,3753548
2022-12-06,30.33,30.5,27.8,27.98,4710858
2022-12-07,28.0,28.7,27.35,28.48,2621794
2022-12-08,28.23,28.7,26.65,27.23,2922096
2022-12-09,25.38,27.1,25.2,26.25,6430634
2022-12-12,26.65,27.73,26.18,27.5,6759614
2022-12-13,27.73,28.25,27.63,27.88,1235358
2022-12-14,27.9,28.88,27.5,28.03,5401988
2022-12-15,27.93,28.28,27.33,27.78,2335436
2022-12-16,27.5,28.05,27.18,27.78,2133314
2022-12-19,27.58,28.28,27.5,28.15,2221254
2022-12-20,27.7,28.3,27.4,27.78,1442382
2022-12-21,27.93,28.0,26.33,26.55,719954
2022-12-22,26.08,26.5,24.8,25.6,6601206
2022-12-23,24.5,25.18,22.58,22.8,5859458
2022-12-26,22.35,27.35,22.35,27.33,12662772
2022-12-27,27.35,28.6,26.4,27.53,3815178
2022-12-28,27.45,27.8,26.88,27.6,2314366
2022-12-29,27.35,27.38,26.65,26.75,532278
2022-12-30,26.8,27.5,26.13,26.35,1037290
2023-01-02,26.38,27.05,26.2,26.75,1375044
2023-01-03,27.15,27.15,26.43,26.65,405824
2023-01-04,26.65,26.65,25.88,25.95,1096888
2023-01-05,25.9,26.25,25.5,25.83,1122672
2023-01-06,25.9,26.38,25.78,26.23,737902
2023-01-09,26.43,27.25,26.4,26.7,1808234
2023-01-10,26.53,26.93,26.2,26.35,972138
2023-01-11,26.4,26.75,26.18,26.28,727154
2023-01-12,26.3,26.95,25.8,26.3,2122212
2023-01-13,26.28,26.48,25.6,25.85,2122568
2023-01-16,25.88,28.13,25.88,28.0,6192242
2023-01-17,27.93,28.18,27.23,28.05,1937754
2023-01-18,28.05,28.2,27.5,27.75,2048636
2023-01-19,27.58,27.75,27.25,27.38,1752730
2023-01-20,27.28,28.15,27.28,27.58,1760170
2023-01-23,27.75,28.0,27.05,27.18,1183514
2023-01-24,27.18,27.53,26.38,26.73,978668
2023-01-25,26.73,26.83,25.4,25.55,1761974
2023-01-27,25.98,25.98,24.2,24.55,1969670
2023-01-30,24.8,26.68,24.8,26.03,1795882
2023-01-31,26.05,26.28,25.63,26.0,1156166
2023-02-01,26.23,28.1,24.35,25.05,6155080
2023-02-02,24.65,26.98,24.65,25.1,2241934
2023-02-03,25.23,25.68,24.58,25.3,2144710
2023-02-06,26.2,26.95,25.43,25.93,5252882
2023-02-07,25.9,25.95,25.2,25.35,863420
2023-02-08,25.55,26.03,24.98,25.1,884136
2023-02-09,25.2,26.78,24.9,26.48,6138888
2023-02-10,26.25,26.75,25.65,25.78,1153622
2023-02-13,25.93,25.95,25.23,25.3,1114094
2023-02-14,25.5,25.58,24.95,25.13,890028
2023-02-15,24.95,25.48,24.63,24.83,1052046
2023-02-16,24.83,25.15,24.83,24.9,912272
2023-02-17,24.75,24.98,24.45,24.55,912604
2023-02-20,24.55,24.88,23.8,23.93,1427542
2023-02-21,23.93,24.78,23.9,24.2,1497182
2023-02-22,24.08,24.15,23.4,23.53,750416
2023-02-23,23.95,24.45,23.25,23.65,2263444
2023-02-24,23.88,24.15,23.45,23.63,861012
2023-02-27,23.6,23.75,23.0,23.3,462016
2023-02-28,23.4,23.7,22.93,23.33,1085712
2023-03-01,23.41,24.57,23.41,24.38,1486662
2023-03-02,24.3,26.08,24.15,25.08,6677874
2023-03-03,25.11,25.63,24.73,24.95,931894
2023-03-06,25.06,25.42,24.8,24.91,938682
2023-03-08,24.91,24.91,24.36,24.7,446450
2023-03-09,24.51,25.2,24.24,24.35,1011250
2023-03-10,24.01,24.63,24.0,24.47,757540
2023-03-13,24.26,24.53,23.73,24.06,470772
2023-03-14,23.68,24.2,23.25,23.56,556558
2023-03-15,23.56,24.28,23.13,23.25,1458742
2023-03-16,23.11,23.63,22.85,23.14,1219508
2023-03-17,23.26,23.59,23.1,23.16,735054
2023-03-20,23.05,23.26,22.04,22.11,2565048
2023-03-21,22.4,22.63,22.0,22.07,1088224
2023-03-22,22.08,22.28,21.43,21.51,469248
2023-03-23,21.33,22.27,21.11,21.22,1350440
2023-03-24,21.2,21.4,20.08,20.26,1913308
2023-03-27,20.3,20.91,20.08,20.28,2778068
2023-03-28,20.4,20.44,19.83,19.94,2570796
2023-03-29,19.93,20.73,19.85,19.95,2098106
2023-03-31,20.35,22.21,20.35,21.77,4648778
2023-04-03,22.01,23.08,21.56,22.79,1037254
2023-04-05,22.81,23.53,22.69,23.18,2114518
2023-04-06,23.29,23.86,22.8,23.54,2413202
2023-04-10,23.54,23.82,23.0,23.12,1002358
2023-04-11,23.02,23.36,22.78,22.91,334484
2023-04-12,22.63,23.05,22.34,22.53,420032
2023-04-13,22.62,22.88,22.44,22.54,856806
2023-04-17,22.54,22.62,22.25,22.43,164980
2023-04-18,22.41,23.25,22.41,22.57,1233734
2023-04-19,22.69,22.77,22.31,22.38,625774
2023-04-20,22.55,22.76,22.35,22.53,685836
2023-04-21,22.7,22.82,22.28,22.5,960560
2023-04-24,22.75,22.76,22.35,22.54,618980
2023-04-25,22.5,22.72,22.25,22.49,584648
2023-04-26,22.5,23.58,22.48,23.06,1070834
2023-04-27,23.1,23.47,22.89,23.03,888300
2023-04-28,23.18,24.5,23.18,24.01,7088102
2023-05-02,24.25,24.51,24.05,24.21,919322
2023-05-03,24.1,24.38,23.78,23.91,1156782
2023-05-04,23.9,24.12,23.73,23.99,429458
2023-05-05,23.63,24.09,23.63,23.81,815556
2023-05-08,24.08,24.09,23.71,23.9,747616
2023-05-09,24.05,24.78,23.75,23.83,1126196
2023-05-10,23.95,24.15,23.4,23.53,873334
2023-05-11,23.61,23.71,23.23,23.45,714946
2023-05-12,23.7,23.7,23.13,23.22,248322
2023-05-15,23.03,23.27,22.81,22.88,827626
2023-05-16,22.83,23.6,22.83,23.11,926366
2023-05-17,23.03,23.53,23.03,23.14,783454
2023-05-18,23.18,23.34,22.95,23.05,222990
2023-05-19,23.05,23.35,22.91,22.99,781644
2023-05-22,23.03,23.13,22.88,22.97,629102
2023-05-23,23.0,23.58,22.98,23.47,1116024
2023-05-24,23.47,24.19,23.43,23.52,870202
2023-05-25,23.93,23.93,23.18,23.33,526476
2023-05-26,23.35,23.68,23.33,23.47,1665280
2023-05-29,23.5,23.88,22.83,22.99,5152854
2023-05-30,22.99,23.08,22.68,22.76,938856
2023-05-31,22.59,23.24,22.59,23.01,506012
2023-06-01,23.17,23.3,22.83,22.9,867730
2023-06-02,22.96,23.13,22.76,22.8,250362
2023-06-05,23.1,23.21,22.73,22.81,1015464
2023-06-06,22.66,22.95,22.66,22.8,760012
2023-06-07,22.8,22.92,22.46,22.52,639628
2023-06-08,22.67,22.95,22.25,22.33,1383022
2023-06-09,22.35,22.45,21.4,21.54,2480376
2023-06-12,21.98,23.4,21.61,22.13,3488944
2023-06-13,22.2,22.48,21.93,22.04,6709510
2023-06-14,22.13,22.32,21.75,21.97,1788910
2023-06-15,22.0,22.1,21.88,21.98,1062448
2023-06-16,22.0,22.17,21.73,21.79,2828566
2023-06-19,21.8,21.9,21.57,21.71,2999744
2023-06-20,21.64,21.8,21.55,21.6,741738
2023-06-21,21.73,21.88,21.49,21.68,1386530
2023-06-22,21.82,21.85,21.45,21.51,987882
2023-06-23,21.75,22.42,20.95,21.06,130373432
2023-06-26,21.06,21.31,20.75,20.8,3823438
2023-06-27,20.95,21.2,20.66,20.98,1692846
2023-06-28,21.17,21.17,20.93,20.99,1040148
2023-06-30,20.98,21.14,20.0,20.23,34614992
2023-07-03,20.45,21.27,20.33,21.16,2752306
2023-07-04,21.25,21.38,20.58,20.8,2929428
2023-07-05,20.75,20.99,20.62,20.87,1423164
2023-07-06,20.86,21.13,20.7,20.89,2418478
2023-07-07,20.76,20.97,20.45,20.6,2441234
2023-07-10,20.61,21.88,20.5,21.61,7488280
2023-07-11,21.63,21.93,21.45,21.75,2908758
2023-07-12,21.93,22.3,21.53,22.04,5192780
2023-07-13,22.06,22.33,21.88,22.01,2838822
2023-07-14,22.2,22.24,21.85,21.99,2075068
2023-07-17,22.01,22.15,21.92,22.04,1494380
2023-07-18,22.03,22.1,21.55,21.84,1711056
2023-07-19,21.84,21.84,21.21,21.32,1659594
2023-07-20,21.25,21.43,21.0,21.09,1964480
2023-07-21,21.07,21.35,20.95,21.08,1125072
2023-07-24,21.01,21.3,20.83,20.94,1115522
2023-07-25,20.88,21.02,20.55,20.67,2884266
2023-07-26,20.53,20.94,20.53,20.85,1036248
2023-07-27,20.86,21.05,20.18,20.41,3593778
2023-07-28,20.43,20.85,20.4,20.52,1570512
2023-07-31,20.82,20.82,20.18,20.29,2623828
2023-08-01,20.5,20.8,20.37,20.62,2738298
2023-08-02,20.62,20.9,20.23,20.31,12133612
2023-08-03,20.26,20.55,20.1,20.18,1096700
2023-08-04,20.26,20.45,20.19,20.27,542504
2023-08-07,20.43,20.5,19.98,20.04,3432010
2023-08-08,20.08,20.71,20.01,20.36,3750228
2023-08-09,20.52,20.52,20.2,20.28,1329122
2023-08-10,20.3,20.5,20.16,20.25,1663310
2023-08-11,20.4,20.4,20.16,20.19,1312590
2023-08-14,20.25,20.69,19.96,20.29,3448344
2023-08-16,20.0,20.18,19.75,19.8,2263982
2023-08-17,19.75,20.0,19.1,19.26,3547838
2023-08-18,19.06,19.5,18.63,18.68,4770900
2023-08-21,18.7,19.24,18.7,18.89,2500564
2023-08-22,19.0,19.1,18.65,18.79,1115818
2023-08-23,18.78,20.68,18.56,19.55,12750182
2023-08-24,19.55,20.52,19.55,19.89,4446908
2023-08-25,19.81,20.2,19.74,20.05,1247936
2023-08-28,20.23,20.25,19.93,20.02,1700912
2023-08-29,20.06,20.2,20.02,20.18,1220096
2023-08-30,20.15,20.89,20.15,20.75,4190300
2023-08-31,20.78,21.29,20.45,20.78,3813370
2023-09-01,20.85,20.99,20.27,20.41,2946736
2023-09-04,20.51,20.65,19.76,19.89,10541534
2023-09-05,19.91,20.14,19.84,19.96,1994150
2023-09-06,19.95,20.25,18.68,19.91,9692312
2023-09-07,19.61,19.95,19.41,19.57,3495920
2023-09-08,19.73,19.8,19.2,19.34,5644120
2023-09-11,19.7,19.92,19.5,19.83,1444586
2023-09-12,19.95,20.02,19.26,19.47,3742944
2023-09-13,19.5,19.69,19.25,19.49,506208
2023-09-14,19.51,19.66,19.4,19.52,1443610
2023-09-15,19.61,20.02,19.55,19.97,3876282
2023-09-18,20.2,22.73,20.2,22.38,7650476
2023-09-20,22.4,22.65,21.71,21.78,17385290
2023-09-21,21.84,22.14,21.45,21.54,4240774
2023-09-22,21.55,21.75,21.05,21.38,3896582
2023-09-25,21.41,21.53,20.79,20.91,2398640
2023-09-26,21.0,21.25,20.7,20.75,2242908
2023-09-27,20.85,21.23,20.68,21.06,3124350
2023-09-28,21.22,21.44,20.83,21.11,861880
2023-09-29,21.1,21.48,20.1,20.26,4140432
2023-10-03,20.38,21.54,20.38,21.02,3336450
2023-10-04,20.91,21.31,20.41,20.85,4730934
2023-10-05,20.65,21.43,20.51,20.87,5594028
2023-10-06,20.99,21.4,20.85,21.24,8474334
2023-10-09,20.78,20.91,20.28,20.36,4064852
2023-10-10,20.36,21.07,20.36,20.99,3338814
2023-10-11,21.0,21.2,20.56,20.83,2993326
2023-10-12,20.81,20.96,20.39,20.51,1057126
2023-10-13,20.5,21.15,19.92,20.64,4778774
2023-10-16,21.09,22.05,20.76,21.29,16370394
2023-10-17,21.45,21.59,20.89,21.01,2439450
2023-10-18,21.18,21.35,20.79,20.84,12499824
2023-10-19,20.71,20.83,20.45,20.53,2359626
2023-10-20,20.6,20.68,20.0,20.07,2638568
2023-10-23,20.3,20.3,19.15,19.5,5801732
2023-10-25,19.75,20.25,19.0,19.17,2451234
2023-10-26,19.07,19.33,18.51,19.18,5105352
2023-10-27,19.45,19.98,19.37,19.92,3013922
2023-10-30,19.92,20.15,19.75,19.77,1245188
2023-10-31,19.87,20.0,19.75,19.8,484672
2023-11-01,19.76,20.53,19.7,20.43,3591334
2023-11-02,20.48,21.25,20.45,21.07,6500598
2023-11-03,21.13,21.65,21.01,21.25,6985500
2023-11-06,21.26,21.66,21.26,21.48,951030
2023-11-07,21.5,22.2,21.38,22.09,7461118
2023-11-08,22.26,23.43,21.16,21.38,26655098
2023-11-09,21.64,21.86,20.78,20.87,5205806
2023-11-10,20.97,21.28,20.71,21.05,3268148
2023-11-12,21.23,21.27,20.76,20.95,927050
2023-11-13,20.93,21.09,20.6,20.75,2375974
2023-11-15,21.05,21.4,20.88,20.98,3489488
2023-11-16,20.98,21.02,20.75,20.8,1300158
2023-11-17,20.71,20.82,20.5,20.53,2969336
2023-11-20,20.63,20.65,19.85,19.93,6815650
2023-11-21,20.09,20.17,19.73,19.79,7003556
2023-11-22,19.8,19.89,19.27,19.41,10006530
2023-11-23,19.6,19.64,19.23,19.29,4649872
2023-11-24,19.35,19.48,19.25,19.38,3245488
2023-11-28,19.55,19.64,19.38,19.55,3549084
2023-11-29,19.7,19.7,19.25,19.28,3786938
2023-11-30,19.34,19.55,18.95,19.15,16743914
2023-12-01,19.25,19.47,19.2,19.38,2018632
2023-12-04,19.6,19.62,19.4,19.43,4067840
2023-12-05,19.5,19.83,19.48,19.54,5994836
2023-12-06,19.58,19.61,19.28,19.33,5054234
2023-12-07,19.4,19.5,19.33,19.36,2316456
2023-12-08,19.45,19.52,19.25,19.29,3589682
2023-12-11,19.49,19.55,19.29,19.36,3657182
2023-12-12,19.13,19.4,19.13,19.17,4593356
2023-12-13,19.31,20.05,19.18,20.0,11530486
2023-12-14,20.26,20.54,19.88,20.02,3656252
2023-12-15,20.02,20.12,19.66,19.73,5636290
2023-12-18,19.9,19.9,19.7,19.8,932802
2023-12-19,19.9,19.9,19.64,19.69,1507876
2023-12-20,19.7,19.83,19.04,19.2,6671686
2023-12-21,19.0,19.33,18.88,19.16,3962132
2023-12-22,19.22,19.53,19.13,19.27,4145570
2023-12-26,19.5,19.65,19.39,19.54,3937724
2023-12-27,19.63,19.7,19.35,19.43,2572092
2023-12-28,19.55,19.55,19.29,19.4,3920698
2023-12-29,19.45,20.27,19.4,20.17,10958142
2024-01-01,20.3,20.69,20.08,20.35,2741556
2024-01-02,20.53,20.61,19.86,20.24,3863132
2024-01-03,20.25,20.55,20.06,20.48,7017398
2024-01-04,20.6,20.75,20.39,20.43,5182498
2024-01-05,20.55,20.85,20.24,20.72,9529042
2024-01-08,20.83,22.01,20.83,21.68,24931980
2024-01-09,22.38,23.25,21.82,22.89,31168394
2024-01-10,23.16,23.2,22.0,22.15,9746492
2024-01-11,22.4,26.38,22.37,25.91,76662922
2024-01-12,26.2,26.2,24.53,24.81,26310010
2024-01-15,25.26,25.5,24.02,24.39,11881222
2024-01-16,24.45,25.2,23.55,24.11,17072518
2024-01-17,24.17,24.17,22.83,23.0,7927486
2024-01-18,22.96,23.64,21.77,22.73,8139550
2024-01-19,23.95,23.96,23.0,23.18,4867928
2024-01-20,23.41,23.63,23.1,23.2,1717440
2024-01-23,23.42,24.0,22.25,22.41,10852392
2024-01-24,22.53,23.49,22.15,23.33,7265610
2024-01-25,23.58,24.32,23.31,23.57,2502990
2024-01-29,23.9,23.9,23.18,23.35,5845486
2024-01-30,23.49,23.51,22.93,23.21,2175474
2024-01-31,23.25,24.0,23.03,23.54,7333338
2024-02-01,23.8,24.33,23.28,23.49,7130560
2024-02-02,23.68,25.6,23.63,24.68,24969892
2024-02-05,25.0,25.5,24.51,24.64,15419238
2024-02-06,24.84,25.85,24.36,25.59,20582346
2024-02-07,25.9,26.68,25.71,26.35,14245040
2024-02-08,26.87,27.0,25.78,26.23,6296260
2024-02-09,26.43,26.75,24.85,25.42,22692064
2024-02-12,26.52,26.84,24.08,24.48,11943610
2024-02-13,24.5,24.93,23.36,23.81,11444744
2024-02-14,23.42,24.74,23.04,24.67,6800320
2024-02-15,24.93,24.93,24.32,24.44,5353174
2024-02-16,24.49,25.46,24.43,24.75,6950920
2024-02-19,24.94,25.28,24.73,24.79,4796198
2024-02-20,24.82,25.46,24.4,24.94,4860952
2024-02-21,25.03,25.1,24.08,24.16,5350904
2024-02-22,24.16,24.3,23.6,23.66,5482710
2024-02-23,23.75,24.18,23.74,23.9,3528398
2024-02-26,23.97,24.61,23.86,24.14,6004784
2024-02-27,24.22,25.95,24.15,24.46,18604236
2024-02-28,24.6,25.33,24.11,24.29,10555910
2024-02-29,24.29,24.5,23.8,24.17,10405116
2024-03-01,24.4,25.0,24.27,24.46,6119612
2024-03-02,24.57,24.7,24.08,24.52,551364
2024-03-04,24.47,25.17,23.9,24.02,5502032
2024-03-05,24.15,24.15,23.4,23.5,4064992
2024-03-06,23.53,23.63,22.66,23.17,5275876
2024-03-07,23.34,24.5,23.3,23.69,2832258
2024-03-11,23.85,23.9,23.3,23.38,4233338
2024-03-12,23.38,23.38,22.08,22.2,6167826
2024-03-13,22.3,23.12,20.53,20.81,10953980
2024-03-14,20.51,23.25,20.45,22.76,3926362
2024-03-15,22.6,22.95,21.83,22.07,4108212
2024-03-18,22.09,22.48,21.65,22.1,3895312
2024-03-19,22.12,22.44,21.58,21.68,1280362
2024-03-20,21.77,22.78,21.64,22.35,7946014
2024-03-21,22.53,22.72,21.9,22.11,1835388
2024-03-22,22.15,22.16,21.86,21.89,1693122
2024-03-26,21.99,22.6,21.56,22.02,3351118
2024-03-27,22.1,22.78,21.53,21.8,3082458
2024-03-28,21.85,22.13,21.3,21.45,7481222
2024-04-01,21.6,22.1,21.6,21.98,4094892
2024-04-02,22.04,22.55,21.75,22.47,1698384
2024-04-03,22.36,23.0,22.21,22.63,3511416
2024-04-04,22.87,23.1,22.36,22.63,3675590
2024-04-05,22.51,23.25,22.5,23.21,4634454
2024-04-08,23.26,23.38,22.77,22.89,2646128
2024-04-09,23.0,23.1,22.65,22.92,2133586
2024-04-10,23.0,23.0,22.56,22.67,789080
2024-04-12,22.51,22.88,22.34,22.4,2580388
2024-04-15,21.21,22.03,21.21,21.82,1948956
2024-04-16,21.51,22.53,21.51,22.31,4014238
2024-04-18,22.37,22.8,22.18,22.24,2792108
2024-04-19,21.83,22.08,21.53,21.9,2488900
2024-04-22,22.26,22.75,21.95,22.48,4456822
2024-04-23,22.7,23.76,22.6,23.6,10163024
2024-04-24,23.66,23.75,23.26,23.49,4414372
2024-04-25,23.65,23.65,23.09,23.22,3157558
2024-04-26,23.23,23.68,23.0,23.48,4289284
2024-04-29,23.85,23.85,23.21,23.31,1159372
2024-04-30,23.37,23.55,23.18,23.25,2618446
2024-05-02,23.42,23.42,22.9,23.05,846272
2024-05-03,23.05,23.58,23.03,23.24,6025574
2024-05-06,23.5,23.5,22.83,23.03,1993096
2024-05-07,23.0,23.0,22.05,22.16,3089472
2024-05-08,22.03,22.35,22.0,22.2,2471976
2024-05-09,22.11,22.38,21.57,21.64,899634
2024-05-10,21.75,21.85,21.19,21.56,2500132
2024-05-13,21.57,21.7,21.03,21.54,2599254
2024-05-14,21.51,22.23,21.51,21.99,1138164
2024-05-15,22.05,22.21,21.8,21.86,1270464
2024-05-16,22.04,22.22,21.75,22.03,1848468
2024-05-17,22.04,22.45,22.04,22.12,607036
2024-05-18,21.7,22.83,21.7,22.74,374604
2024-05-21,22.65,22.65,22.08,22.17,2776140
2024-05-22,22.17,23.16,22.17,22.8,4182926
2024-05-23,22.76,22.9,22.56,22.66,2601608
2024-05-24,22.45,22.8,22.01,22.08,2884652
2024-05-27,21.78,22.4,21.68,22.04,6590764
2024-05-28,22.04,22.41,21.98,22.03,7319216
2024-05-29,22.1,22.25,21.56,21.65,1013534
2024-05-30,21.65,21.65,21.08,21.14,1900136
2024-05-31,21.2,21.45,20.88,20.97,1009864
2024-06-03,21.56,21.85,20.99,21.16,1523882
2024-06-04,21.18,21.23,19.02,19.93,7481048
2024-06-05,20.01,20.44,19.72,20.3,2606398
2024-06-06,20.59,20.95,20.5,20.65,3841874
2024-06-07,20.68,20.97,20.59,20.9,1146148
2024-06-10,21.03,21.26,20.92,20.96,2121618
2024-06-11,21.21,21.28,20.9,21.01,2356810
2024-06-12,21.08,21.28,21.08,21.21,1075154
2024-06-13,21.33,21.37,21.06,21.16,2044976
2024-06-14,21.41,21.41,21.08,21.13,725092
2024-06-18,21.06,22.1,21.02,21.71,6476392
2024-06-19,21.72,21.87,21.37,21.44,2486808
2024-06-20,21.45,21.61,21.28,21.43,827614
2024-06-21,21.55,21.58,21.3,21.45,901544
2024-06-24,21.33,21.47,21.14,21.31,1855854
2024-06-25,21.31,21.5,21.19,21.27,1487346
2024-06-26,21.08,21.32,20.81,20.87,1930424
2024-06-27,20.87,20.96,20.46,20.62,2025948
2024-06-28,20.7,20.79,20.53,20.61,1531464
2024-07-01,20.57,21.03,20.56,20.72,1880986
2024-07-02,20.72,20.99,20.61,20.86,2419322
2024-07-03,20.85,21.45,20.81,20.95,1056028
2024-07-04,21.18,21.23,20.89,21.01,765960
2024-07-05,21.13,21.13,20.87,20.9,399584
2024-07-08,20.99,20.99,20.56,20.64,2194638
2024-07-09,20.66,21.1,20.61,20.69,2283662
2024-07-10,20.92,20.92,20.35,20.45,2359428
2024-07-11,20.58,20.89,20.58,20.65,823712
2024-07-12,20.79,20.81,20.37,20.47,2529484
2024-07-15,20.56,20.65,20.35,20.52,1769546
2024-07-16,20.55,20.74,20.52,20.61,2149588
2024-07-18,20.6,20.6,20.3,20.34,2436090
2024-07-19,20.39,20.39,20.0,20.04,2540406
2024-07-22,20.05,20.17,19.83,20.02,1779388
2024-07-23,20.12,21.8,19.98,21.11,17886322
2024-07-24,21.25,21.55,21.18,21.43,2016692
2024-07-25,21.11,21.63,21.07,21.13,3613740
2024-07-26,21.03,21.99,21.03,21.32,6440030
2024-07-29,21.41,21.72,20.67,20.93,3501298
2024-07-30,20.97,21.05,20.75,20.8,1010826
2024-07-31,20.9,21.21,20.63,20.69,2682360
2024-08-01,20.68,21.25,20.52,20.59,2513676
2024-08-02,20.36,20.6,20.36,20.44,1055408
2024-08-05,20.04,20.22,19.74,19.82,1559878
2024-08-06,20.01,20.29,19.43,19.5,1602292
2024-08-07,19.76,20.25,19.43,19.46,3101806
2024-08-08,19.73,19.76,19.55,19.68,1575006
2024-08-09,19.95,19.95,19.71,19.77,1722166
2024-08-12,19.75,19.89,19.47,19.57,2084252
2024-08-13,19.6,20.27,19.6,19.85,4300752
2024-08-14,19.99,20.25,19.45,19.55,2455318
2024-08-16,19.63,19.77,19.46,19.6,1917702
2024-08-19,19.93,19.93,19.38,19.45,2288700
2024-08-20,19.56,19.68,19.45,19.56,1734414
2024-08-21,19.67,19.85,19.6,19.75,729240
2024-08-22,19.81,19.97,19.79,19.85,1649094
2024-08-23,20.0,20.64,19.82,20.43,2121074
2024-08-26,20.62,20.63,20.21,20.25,663980
2024-08-27,20.3,20.5,20.0,20.19,1229796
2024-08-28,20.2,20.57,20.01,20.31,2723536
2024-08-29,20.34,20.35,19.68,19.73,3123828
2024-08-30,19.82,20.0,19.8,19.85,1837236
2024-09-02,19.99,19.99,19.49,19.57,697086
2024-09-03,19.56,19.82,19.43,19.48,927804
2024-09-04,19.33,19.74,19.3,19.43,2336852
2024-09-05,19.45,22.15,19.42,21.54,8372868
2024-09-06,21.73,21.93,20.02,20.21,15776422
2024-09-09,20.61,20.97,20.29,20.7,3235002
2024-09-10,21.05,21.39,20.88,21.21,4703398
2024-09-11,21.69,21.69,20.78,20.92,1784852
2024-09-12,20.97,21.07,20.4,20.54,2618512
2024-09-13,20.63,21.18,20.53,21.01,1305470
2024-09-16,21.17,21.43,20.75,21.08,2293684
2024-09-17,21.15,21.48,20.65,20.8,1391866
2024-09-18,20.82,20.86,20.43,20.5,2035278
2024-09-19,20.82,20.82,19.91,20.23,3413832
2024-09-20,20.33,20.96,20.09,20.81,1968212
2024-09-23,20.87,21.3,20.48,20.74,1995610
2024-09-24,20.75,20.75,20.43,20.52,937108
2024-09-25,19.6,19.77,16.42,17.15,124130416
2024-09-26,17.42,18.45,17.24,18.3,23024258
2024-09-27,18.45,18.5,17.29,17.43,21612164
2024-09-30,17.45,17.45,16.92,17.02,14362124
2024-10-01,17.05,17.3,16.93,17.01,10997320
2024-10-03,16.76,16.98,16.52,16.63,8016604
2024-10-04,16.72,16.87,16.27,16.66,6108200
2024-10-07,16.7,16.89,15.86,16.06,3406388
2024-10-08,16.05,16.64,15.86,16.49,5248448
2024-10-09,16.75,17.29,16.58,17.07,8893650
2024-10-10,17.25,17.38,17.05,17.18,6590452
2024-10-11,17.2,17.29,16.99,17.1,3261224
2024-10-14,17.21,17.35,16.61,16.73,5616778
2024-10-15,16.79,16.86,16.42,16.5,4627864
2024-10-16,16.5,16.6,16.17,16.23,3761148
2024-10-17,16.34,16.34,15.97,16.03,3775488
2024-10-18,16.0,16.15,15.79,16.01,3664924
2024-10-21,16.2,16.41,15.8,15.9,4305616
2024-10-22,15.89,15.91,15.03,15.16,6143880
2024-10-23,15.13,15.24,14.23,15.06,8831502
2024-10-24,15.04,15.15,14.91,14.96,3341980
2024-10-25,15.0,15.03,14.35,14.47,5960540
2024-10-28,14.48,15.04,14.27,14.87,3963408
2024-10-29,14.99,15.13,14.76,14.95,2392750
2024-10-30,15.0,16.35,14.88,16.19,5840274
2024-10-31,16.05,16.68,15.98,16.5,2606238
2024-11-01,16.71,16.8,16.55,16.75,711252
2024-11-04,16.7,16.8,15.95,16.64,1539470
2024-11-05,16.37,16.54,16.16,16.28,2773528
2024-11-06,16.38,16.95,16.2,16.72,8562684
2024-11-07,16.72,16.77,16.4,16.5,1213084
2024-11-08,16.5,16.56,16.0,16.09,2717564
2024-11-11,16.01,16.04,15.63,15.79,1440216
2024-11-12,15.75,16.1,15.54,15.65,2431792
2024-11-13,15.51,15.71,14.99,15.03,3440376
2024-11-14,15.04,15.29,14.97,15.07,2675784
2024-11-18,14.78,15.28,14.53,14.96,3961170
2024-11-19,15.17,15.47,15.02,15.08,981276
2024-11-21,15.21,15.21,14.67,14.74,804726
2024-11-22,14.9,16.45,14.73,16.01,2135586
2024-11-25,16.33,17.0,16.31,16.72,8796660
2024-11-26,16.81,16.81,16.27,16.34,2384630
2024-11-27,16.3,16.43,15.52,16.07,5885188
2024-11-28,16.11,16.85,15.38,16.32,3299784
2024-11-29,17.05,19.01,17.05,18.0,9449108
2024-12-02,17.8,17.8,16.9,17.28,4440592
2024-12-03,17.24,17.27,16.9,16.98,3872432
2024-12-04,16.99,16.99,16.29,16.37,5844522
2024-12-05,16.46,17.03,16.35,16.64,5793759
2024-12-06,16.77,16.91,16.46,16.76,3143855
2024-12-09,17.11,17.33,16.94,17.03,4123363
2024-12-10,17.24,17.24,16.79,16.88,2075597
2024-12-11,16.88,17.16,16.62,16.99,2604609
2024-12-12,17.0,17.0,16.59,16.69,1888613
2024-12-13,16.74,16.74,16.23,16.58,2060148
2024-12-16,17.0,17.58,16.98,17.09,10253976
2024-12-17,17.1,17.23,16.98,17.02,5181698
2024-12-18,17.02,17.1,16.67,16.89,2697258
2024-12-19,16.51,16.7,16.36,16.58,2390495
2024-12-20,16.65,16.82,16.04,16.2,2181742
2024-12-23,16.31,16.8,15.83,16.55,2820088
2024-12-24,16.64,16.69,16.26,16.55,886603
2024-12-26,16.49,16.95,16.26,16.9,3259479
2024-12-27,16.91,16.91,16.47,16.5,6623430
2024-12-30,16.5,17.25,16.22,17.05,2952852
2024-12-31,15.76,16.45,15.36,15.87,25229467
2025-01-01,15.81,15.98,15.63,15.72,4935283
2025-01-02,15.69,15.74,15.3,15.34,5452209
2025-01-03,15.35,15.67,15.21,15.52,4022976
2025-01-06,16.05,17.84,16.0,16.23,17011224
2025-01-07,16.32,16.5,15.64,15.74,7558987
2025-01-08,15.79,15.95,15.16,15.41,3629984
2025-01-09,15.33,15.41,15.1,15.15,2906795
2025-01-10,15.09,15.16,14.6,14.86,3574898
2025-01-13,14.6,14.65,13.95,14.13,4938630
2025-01-14,14.0,14.98,14.0,14.39,8767829
2025-01-15,14.47,14.59,14.09,14.13,1759118
2025-01-16,14.25,14.35,14.02,14.05,2241571
2025-01-17,14.07,14.22,14.0,14.08,2113353
2025-01-20,14.09,14.33,13.96,14.02,5154915
2025-01-21,14.08,14.28,13.67,13.76,4710687
2025-01-22,13.75,14.3,13.37,14.16,9512749
2025-01-23,14.26,14.85,14.06,14.47,5801292
2025-01-24,14.54,14.82,14.34,14.53,4010513
2025-01-27,14.35,14.35,13.59,13.7,2785793
2025-01-28,13.6,14.3,13.22,13.72,5457030
2025-01-29,13.72,13.92,13.56,13.63,2358309
2025-01-30,13.67,13.71,13.13,13.21,2108644
2025-01-31,13.24,13.58,13.21,13.49,1837391
2025-02-01,13.66,14.9,13.54,14.35,5081239
2025-02-03,14.29,14.32,13.75,13.91,2594594
2025-02-04,13.84,14.07,13.18,13.24,4336882
2025-02-05,13.38,13.66,12.87,12.93,6345771
2025-02-06,13.0,13.11,12.88,12.92,2472389
2025-02-07,12.94,13.03,12.75,12.84,3185493
2025-02-10,12.84,12.88,12.45,12.56,3923864
2025-02-11,12.49,12.69,12.13,12.19,3613013
2025-02-12,12.01,12.32,11.61,11.95,5386990
2025-02-13,11.96,12.64,11.92,12.26,3433972
2025-02-14,12.37,12.4,11.73,11.94,3155039
2025-02-17,11.86,11.89,11.35,11.83,3157383
2025-02-18,11.73,12.2,11.54,12.06,3380814
2025-02-19,11.97,12.46,11.89,12.33,4136578
2025-02-20,12.36,12.8,12.13,12.37,5191542
2025-02-21,12.23,12.58,12.17,12.23,1983360
2025-02-24,12.19,12.19,11.88,12.04,1880488
2025-02-25,12.06,12.62,12.01,12.3,3223521
2025-02-27,12.36,12.38,11.97,12.21,2232357
2025-02-28,12.06,12.14,11.58,11.73,4348050
2025-03-03,11.74,11.91,10.9,11.04,6063501
2025-03-04,10.93,11.53,10.83,11.11,4749996
2025-03-05,11.05,11.9,11.05,11.79,5494022
2025-03-06,12.0,12.5,11.85,12.33,5877475
2025-03-07,12.3,12.63,12.15,12.49,1278722
2025-03-10,12.53,12.53,11.98,12.0,2041725
2025-03-11,11.76,12.25,11.72,12.2,2037555
2025-03-12,12.1,12.57,11.99,12.53,3332420
2025-03-13,12.64,12.64,12.26,12.57,3435197
2025-03-17,12.61,12.61,11.94,12.12,1515537
2025-03-18,12.08,12.92,12.01,12.86,7343273
2025-03-19,12.79,13.23,12.7,13.1,5534238
2025-03-20,13.11,13.21,12.88,13.17,2181280
2025-03-21,13.09,13.64,13.06,13.55,5468604
2025-03-24,13.56,14.02,13.25,13.4,7377791
2025-03-25,13.61,13.77,12.87,12.99,6544485
2025-03-26,12.99,13.05,12.25,12.32,5227733
2025-03-27,12.26,12.58,12.13,12.23,3775408
2025-03-28,12.34,12.52,11.59,11.72,5879241
2025-04-01,11.7,12.35,11.69,12.22,3858998
2025-04-02,12.22,12.41,12.05,12.19,2110445
2025-04-03,12.15,12.35,12.05,12.3,974732
2025-04-04,12.31,12.32,11.91,11.99,2903439
2025-04-07,10.71,11.91,10.71,11.69,1236992
2025-04-08,11.86,12.19,11.84,12.07,2018521
2025-04-09,12.07,12.22,11.85,12.11,1531241
2025-04-11,12.27,13.15,12.12,13.09,6559370
2025-04-15,13.15,13.49,13.01,13.35,6279516
2025-04-16,13.29,13.3,11.9,12.2,8807634
2025-04-17,11.96,12.38,11.96,12.28,5889417
2025-04-21,12.3,12.4,12.24,12.36,845919
2025-04-22,12.4,12.52,12.28,12.34,2712452
2025-04-23,12.36,12.39,12.07,12.15,2443487
2025-04-24,12.15,12.2,12.12,12.15,1706428
2025-04-25,12.15,12.18,11.73,11.81,3688075
2025-04-28,11.76,11.91,11.72,11.8,2797822
2025-04-29,11.74,12.5,11.74,12.15,8860234
2025-04-30,12.03,12.18,11.8,12.04,5027952
2025-05-02,11.8,11.99,11.8,11.85,2608499
2025-05-05,11.83,13.47,11.77,12.92,21448652
2025-05-06,12.72,12.72,12.06,12.15,4263112
2025-05-07,11.85,12.36,11.83,12.24,4718264
2025-05-08,12.25,12.47,12.05,12.11,3455744
2025-05-09,11.5,11.94,11.5,11.76,1210299
2025-05-12,12.45,12.51,12.23,12.28,3030792
2025-05-13,12.33,12.39,12.18,12.3,1236006
2025-05-14,12.29,12.5,12.15,12.23,1150454
2025-05-15,12.29,12.42,11.81,12.0,7523521
2025-05-16,11.89,12.2,11.82,11.91,11053979
2025-05-19,12.03,12.22,11.84,12.13,2893375
2025-05-20,12.13,12.19,11.5,11.53,9832021
2025-05-21,11.53,11.83,10.96,11.06,10865508
2025-05-22,11.13,11.19,10.97,11.02,4344252
2025-05-23,11.03,11.08,10.92,11.05,2816490
2025-05-26,11.1,11.17,11.02,11.14,2070813
2025-05-27,11.15,11.3,11.07,11.26,2814628
2025-05-28,11.27,11.44,11.27,11.4,2417999
2025-05-29,11.36,11.43,11.17,11.22,2685975
2025-05-30,11.22,11.3,11.12,11.22,1956042
2025-06-02,10.94,11.14,10.94,11.0,5461458
2025-06-03,11.04,11.08,10.95,10.98,2571042
2025-06-04,10.96,11.04,10.92,10.96,2553268
2025-06-05,10.93,11.03,10.93,10.96,1859567
2025-06-06,11.01,11.01,10.93,10.99,1845024
2025-06-09,10.99,11.08,10.98,10.99,2898000
2025-06-10,10.99,11.14,10.98,11.04,1143760
2025-06-11,11.14,11.38,11.02,11.06,1785117
2025-06-12,11.12,11.15,10.95,11.01,1171607
2025-06-13,10.81,10.93,10.8,10.89,3230100
2025-06-16,10.89,10.98,10.63,10.8,2599617
2025-06-17,10.81,10.97,10.72,10.8,1705167
2025-06-18,10.76,10.83,10.65,10.69,1886742
2025-06-19,10.69,10.75,10.44,10.48,1267736
2025-06-20,10.42,10.61,10.34,10.5,1103332
2025-06-23,10.38,10.46,10.33,10.39,662172
2025-06-24,10.44,10.68,10.44,10.52,1533368
2025-06-25,10.57,10.74,10.54,10.68,1743363
2025-06-26,10.68,10.79,10.51,10.56,2065912
2025-06-27,10.54,10.64,10.36,10.39,3350233
2025-06-30,10.4,10.55,10.4,10.51,1204469
2025-07-01,10.52,10.69,10.5,10.55,2120320
2025-07-02,10.52,10.58,10.39,10.41,1737464
2025-07-03,10.45,10.47,10.38,10.42,1479736
2025-07-04,10.44,10.44,10.38,10.4,1952006
2025-07-07,10.35,10.43,10.33,10.35,1340252
2025-07-08,10.37,10.45,10.33,10.41,2121592
2025-07-09,10.43,10.45,10.37,10.4,1469685
2025-07-10,10.43,10.59,10.4,10.48,1918762
2025-07-11,10.49,10.5,10.38,10.4,1211828
2025-07-14,10.43,10.43,10.28,10.35,1717483
2025-07-15,10.33,10.75,10.33,10.58,4310514
2025-07-16,10.58,10.66,10.51,10.63,1601709
2025-07-17,10.64,11.1,10.61,10.73,6282774
2025-07-18,10.75,10.84,10.6,10.63,2152893
2025-07-21,10.56,10.68,10.52,10.57,2268182
2025-07-22,10.53,10.62,10.45,10.49,1362432
2025-07-23,10.43,10.51,10.38,10.43,1565345
2025-07-24,10.43,10.5,10.41,10.42,1226838
2025-07-25,10.43,10.43,10.28,10.34,2263388
2025-07-28,10.31,10.33,10.19,10.22,2500446
2025-07-29,10.18,10.22,9.97,10.03,1364162
2025-07-30,10.09,10.18,9.95,9.98,2653889
2025-07-31,9.92,9.92,9.8,9.82,2179559
2025-08-01,9.84,10.02,9.77,9.83,2265358
2025-08-04,9.82,9.87,9.68,9.72,1965069
2025-08-05,9.69,9.77,9.5,9.53,1912136
2025-08-06,9.55,9.58,9.26,9.34,1154308
2025-08-07,9.33,9.34,9.1,9.23,2465083
2025-08-08,9.21,9.3,9.1,9.12,1414878
2025-08-11,9.12,9.12,8.76,8.82,4218995
2025-08-12,8.8,9.68,8.78,9.14,7417841
2025-08-13,9.12,9.12,8.84,8.87,2924916
2025-08-14,8.9,9.27,8.9,9.2,3721551
2025-08-18,9.0,9.31,8.81,9.21,7521845
2025-08-19,9.28,9.28,9.04,9.07,3509339
2025-08-20,9.09,9.84,9.05,9.67,10960179
2025-08-21,9.75,9.78,9.3,9.32,3934216
2025-08-22,9.33,9.41,8.94,8.96,4644564
2025-08-25,9.01,9.03,8.8,8.81,3967020
2025-08-26,8.83,8.85,8.31,8.43,5637206
2025-08-28,8.41,8.62,8.35,8.49,3637127
2025-08-29,8.55,8.55,8.3,8.33,3712173
2025-09-01,8.34,8.49,8.31,8.35,3380082
2025-09-02,8.42,8.52,8.34,8.42,2911305
2025-09-03,8.43,8.55,8.36,8.52,2240522
2025-09-04,8.6,8.89,8.52,8.54,3072191
2025-09-05,8.67,8.67,8.4,8.55,2452551
2025-09-08,8.59,8.66,8.5,8.58,1833287
2025-09-09,8.61,8.7,8.52,8.6,1961430
2025-09-10,8.65,8.75,8.6,8.67,2567228
2025-09-11,8.66,8.83,8.24,8.58,3118519
2025-09-12,8.59,8.64,8.47,8.51,2553149
2025-09-15,8.5,8.65,8.47,8.62,2458184
2025-09-16,8.62,8.77,8.62,8.69,1931717
2025-09-17,8.69,8.89,8.67,8.78,2237872
2025-09-18,8.84,8.92,8.76,8.81,2764209
2025-09-19,8.8,8.85,8.71,8.79,1898747
2025-09-22,8.79,8.88,8.6,8.64,1941704
2025-09-23,8.61,8.71,8.54,8.56,1899860
2025-09-24,8.53,8.59,8.45,8.47,1848001
2025-09-25,8.45,8.55,8.35,8.37,2459963
2025-09-26,8.41,8.41,8.12,8.18,2930634
2025-09-29,8.16,8.28,7.99,8.01,2961690
2025-09-30,8.05,8.14,8.0,8.02,1902722
2025-10-01,8.0,8.14,7.99,8.12,1023342
2025-10-03,8.1,8.16,8.05,8.15,1769949
2025-10-06,8.15,8.24,7.99,8.01,1500474
2025-10-07,8.02,8.07,7.96,7.98,1640629
2025-10-08,7.98,8.07,7.92,7.98,1411812
2025-10-09,7.98,8.01,7.91,7.94,1388561
2025-10-10,7.94,8.08,7.92,8.05,1606764
2025-10-13,8.05,8.06,7.94,7.97,929314
2025-10-14,7.95,7.99,7.83,7.87,769439
2025-10-15,7.85,7.91,7.85,7.86,455551
2025-10-16,7.83,8.23,7.83,8.08,1132674
2025-10-17,8.11,8.11,7.91,7.98,533339
2025-10-20,8.0,8.08,7.91,8.06,613071
2025-10-21,8.09,8.15,8.06,8.1,403278
2025-10-23,8.13,8.15,8.01,8.07,845843
2025-10-24,8.08,8.11,8.01,8.04,479473
2025-10-27,8.03,8.07,7.98,7.99,479994
2025-10-28,7.97,8.05,7.94,7.95,532047
2025-10-29,7.97,8.13,7.94,8.06,1032289
2025-10-30,8.08,8.13,7.98,8.01,655613
2025-10-31,8.02,8.05,7.89,7.95,596087
2025-11-03,7.99,7.99,7.8,7.91,965584
2025-11-04,7.97,7.99,7.9,7.93,563199
2025-11-06,7.96,8.69,7.93,8.02,4018027
2025-11-07,8.09,8.1,8.0,8.03,566578
2025-11-10,8.03,8.08,7.9,7.95,533557
2025-11-11,7.96,7.98,7.9,7.92,524671
2025-11-12,7.98,8.04,7.94,7.98,594260
2025-11-13,7.99,8.07,7.96,7.97,424364
2025-11-14,7.97,7.99,7.9,7.96,409817
2025-11-17,7.9,7.9,7.58,7.72,1481202
2025-11-18,7.7,7.75,7.59,7.62,800016
2025-11-19,7.62,7.64,7.52,7.53,661003
2025-11-20,7.5,7.56,7.5,7.52,550568
2025-11-21,7.54,7.54,7.37,7.4,586288
2025-11-24,7.4,7.45,7.16,7.21,825075
2025-11-25,7.15,7.2,7.08,7.14,1207379
2025-11-26,7.09,7.23,7.09,7.13,890764
2025-11-27,7.13,7.31,7.13,7.16,848268
2025-11-28,7.11,7.19,7.09,7.12,412169
2025-12-01,7.1,7.28,7.07,7.14,1207059
2025-12-02,7.14,8.56,7.06,8.56,31314999
2025-12-03,8.44,8.51,8.02,8.16,4048200
2025-12-04,8.0,8.43,7.69,8.3,2774546
2025-12-05,8.35,8.6,7.64,7.72,3107116
2025-12-08,7.56,7.95,7.56,7.81,1513538
2025-12-09,7.81,7.81,7.58,7.75,906336
2025-12-10,7.89,7.99,7.6,7.76,1058438
2025-12-11,7.79,7.81,7.63,7.67,686621
2025-12-12,7.67,7.82,7.67,7.72,607612
2025-12-15,7.7,7.78,7.62,7.65,767110
2025-12-16,7.63,7.75,7.6,7.65,946407
2025-12-17,7.66,7.7,7.6,7.66,494120
2025-12-18,7.66,7.7,7.55,7.61,829639
2025-12-19,7.62,7.68,7.51,7.53,860152
2025-12-22,7.54,7.63,7.54,7.57,799958
2025-12-23,7.58,7.68,7.55,7.59,752740
2025-12-24,7.56,7.63,7.55,7.56,567710
2025-12-26,7.56,7.6,7.45,7.47,387173
2025-12-29,7.45,7.49,7.33,7.36,504083
2025-12-30,7.35,7.39,7.29,7.31,279069
2025-12-31,7.29,7.39,7.29,7.34,524471
2026-01-01,7.34,7.42,7.34,7.37,455360
2026-01-02,7.36,7.47,7.32,7.44,673305
2026-01-05,7.43,7.58,7.33,7.38,977435
2026-01-06,7.35,7.37,7.27,7.28,678227
2026-01-07,7.26,7.32,7.25,7.29,497259
2026-01-08,7.28,7.31,7.16,7.22,656882
2026-01-09,7.18,7.22,7.06,7.11,719865
2026-01-12,7.08,7.14,6.88,7.08,1001684
2026-01-13,7.09,7.15,7.01,7.1,700142
2026-01-14,7.07,7.12,7.0,7.04,733623
2026-01-16,7.03,7.09,7.0,7.01,829762
2026-01-19,6.99,7.02,6.9,6.96,992049
2026-01-20,6.92,6.99,6.62,6.69,1013321
2026-01-21,6.63,6.85,6.36,6.4,1855995
2026-01-22,6.6,6.68,6.4,6.47,1358924
2026-01-23,6.47,6.56,6.31,6.35,766378
2026-01-27,6.33,6.35,6.12,6.24,1380429
2026-01-28,6.23,6.39,6.23,6.37,1104989
2026-01-29,6.45,6.45,6.18,6.23,869304
2026-01-30,6.18,6.38,6.11,6.28,1605641
2026-02-01,6.34,6.98,6.3,6.47,2257639
2026-02-02,6.65,6.67,6.25,6.43,1551010
2026-02-03,6.45,7.06,6.45,6.76,1851656
2026-02-04,6.75,6.75,6.61,6.65,936464
2026-02-05,6.64,6.68,6.55,6.63,901411
2026-02-06,7.0,7.0,6.57,6.66,1097558
2026-02-09,6.62,6.89,6.62,6.85,1054992
2026-02-10,6.85,7.08,6.8,6.99,1079440
2026-02-11,7.02,7.05,6.92,6.95,461847
2026-02-12,6.94,6.94,6.74,6.79,391438
2026-02-13,6.71,6.74,6.52,6.61,960650
2026-02-16,6.59,7.93,6.57,7.92,13882555
2026-02-17,7.95,9.5,7.95,9.5,32170105
2026-02-18,9.81,10.57,9.37,9.64,31378094
2026-02-19,9.51,9.58,9.09,9.23,10725082
2026-02-20,8.77,9.37,8.47,9.3,13433032
2026-02-23,9.49,9.73,8.97,9.18,4586330
2026-02-24,9.05,9.06,8.64,8.75,2152827
2026-02-25,8.75,8.96,8.44,8.54,2020299
2026-02-26,8.52,9.18,8.32,8.68,3938653
2026-02-27,8.69,8.75,8.56,8.62,1015185
2026-03-02,7.81,8.21,7.81,8.01,2710047
2026-03-04,7.67,7.95,7.62,7.75,2940438
2026-03-05,7.67,7.88,7.52,7.6,1277015
2026-03-06,7.53,7.7,7.43,7.48,813468
2026-03-09,7.37,7.4,7.14,7.22,1107573
2026-03-10,7.3,7.6,7.16,7.36,2340466
2026-03-11,7.37,7.76,7.29,7.34,2322149
2026-03-12,7.32,7.33,7.16,7.24,617018
2026-03-13,7.21,7.34,6.92,7.0,1179219
2026-03-16,6.85,7.0,6.73,6.88,1762508
2026-03-17,6.89,6.96,6.79,6.83,869558
2026-03-18,6.93,7.15,6.84,7.07,1788236
2026-03-19,6.94,6.96,6.87,6.89,690250
2026-03-20,6.91,7.0,6.82,6.86,1158732
2026-03-23,6.79,6.8,6.4,6.49,1542584
2026-03-24,6.59,6.71,6.46,6.63,1877497
2026-03-25,6.71,7.19,6.55,6.7,3446875
2026-03-27,6.62,6.65,6.15,6.22,2638801
2026-03-30,5.95,6.11,5.77,5.87,3014223
2026-04-01,5.92,6.45,5.92,6.43,3112714
2026-04-02,6.23,6.59,6.15,6.51,2032973
2026-04-06,6.49,6.68,6.42,6.63,1315739
2026-04-07,6.62,6.83,6.5,6.73,968747
2026-04-08,7.18,8.07,6.94,7.95,16337512
2026-04-09,7.98,8.34,7.84,7.97,3467308
2026-04-10,7.95,8.14,7.95,8.01,1542951
2026-04-13,7.51,7.82,7.4,7.67,2472794
2026-04-15,7.78,8.14,7.78,7.99,996232
2026-04-16,7.98,8.1,7.95,7.99,1209166
2026-04-17,8.03,8.1,7.75,7.85,1371848
2026-04-20,7.85,7.9,7.69,7.74,791720
2026-04-21,7.7,7.83,7.67,7.71,638208
2026-04-22,7.66,7.9,7.66,7.84,883715
2026-04-23,7.85,7.89,7.7,7.73,820491
2026-04-24,7.73,7.78,7.56,7.62,703075
2026-04-27,7.75,7.95,7.65,7.92,1072779
2026-04-28,7.9,8.02,7.82,7.86,774718
2026-04-29,8.0,8.0,7.87,7.91,1128177
2026-04-30,7.87,7.91,7.74,7.87,850983
2026-05-04,7.9,7.97,7.8,7.84,900173
2026-05-05,7.8,7.87,7.72,7.8,529127
2026-05-06,7.51,8.1,7.51,8.03,1633267
2026-05-07,8.03,8.18,8.01,8.03,1469764
2026-05-08,7.95,8.04,7.92,7.99,695989
